"k","PC_Baseline","PC_Baseline_Full","Geneformer"
10,0,0,70.3941176470588
25,0,0,56.3152941176471
50,0,0,32.8505882352941
75,0,0,21.9003921568627
100,0,0,16.4252941176471
200,2.34647058823529,0,9.38588235294118
500,0.938588235294118,0,3.75435294117647
1000,0.469294117647059,0,2.11182352941176
