"method","CBS","CBS_anchor","PCE_anchor_norm","PSR_anchor_norm","EBS_score","CII_anchor_norm","PCE_anchor","PSR_anchor"
"Pearson",0.457432572382975,0.348696859270852,0.158115932069442,0,0.887974645743113,0,10,100
"Linear Model",0.482860116270845,0.374124403158721,0.158115932069442,0,0.964257277406722,0.129232682777523,10,100
"scTenifoldKnk",0.559565372020634,0.386984436961392,0.202989073423112,0.235294117647059,0.722670119814006,0.915844522689137,10,100
"Geneformer",0.794407658036484,0.471210680791617,0.326467891794809,0.703941176470588,0.383222974109454,0.897557215410834,10,100
