"method","coverage","precision","PCE","CII","EBS","PSR_max","CBS","note"
"Pearson",1,1.58115932069442,1.58115932069442,0,0.112025354256887,0,0.457432572382975,"CII=0 is mathematical identity for Pearson"
"Linear Model",1,1.58115932069442,1.58115932069442,0.129232682777523,0.035742722593278,0,0.482860116270845,"CII excluded from CBS; retained as diagnostic metric"
"scTenifoldKnk",0.0923574232278919,6.6793893129771,2.02989073423112,0.915844522689137,0.277329880185994,23.5294117647059,0.559565372020634,"Highest within-scope precision; severe coverage penalty"
"Geneformer",0.18420688062803,7.60654695693628,3.26467891794809,0.897557215410834,0.616777025890546,70.3941176470588,0.794407658036484,"Highest CBS and PSR; EBS=0.62 remains concern"
