"method","k","psr_obs","ci_lower","ci_upper","q_hat","coverage"
"Geneformer",10,70.3941176470588,31.6121732026144,109.176062091503,38.7819444444445,0.9
"Geneformer",25,56.3152941176471,49.6669607843137,62.9636274509804,6.64833333333333,0.9
"Geneformer",50,32.8505882352941,27.3103104575163,38.3908660130719,5.54027777777778,0.9
"Geneformer",100,16.4252941176471,13.6551552287582,19.195433006536,2.77013888888889,0.9
"scTenifoldKnk",10,23.5294117647059,20.7516339869281,26.3071895424837,2.77777777777778,0.9
"scTenifoldKnk",25,14.1176470588235,6.33986928104575,21.8954248366013,7.77777777777778,0.9
"scTenifoldKnk",50,7.05882352941176,3.16993464052287,10.9477124183007,3.88888888888889,0.9
"scTenifoldKnk",100,7.05882352941176,6.22549019607843,7.8921568627451,0.833333333333333,0.9
