"k","Pearson","LM","scTenifoldKnk","Geneformer"
10,0,0,23.5294117647059,70.3941176470588
25,0,0,14.1176470588235,56.3152941176471
50,0,0,7.05882352941176,32.8505882352941
75,0,0,9.41176470588235,21.9003921568627
100,0,0,7.05882352941176,16.4252941176471
200,0,0,3.52941176470588,9.38588235294118
500,0,0,1.41176470588235,3.75435294117647
1000,0,0,0.705882352941176,2.11182352941176
